name,starting_price,winner_bid,timestamp
Borja Iglesias,,800,11/16/20 20:12
Zhang Yuning,,300,11/16/20 20:12
Choi Jun Hyuk,,550,11/16/20 20:12
Engelhardt,,200,11/16/20 20:12
HUNTER,,1600,11/16/20 20:12
SHADOW,,3000,11/16/20 20:12
SHADOW,,2900,11/16/20 20:12
SHADOW,,2900,11/16/20 20:12
SHADOW,,2800,11/16/20 20:12
Trueman,,300,11/17/20 13:27
SHADOW,,3000,11/17/20 13:27
SHADOW,,2900,11/17/20 13:27
SHADOW,,3000,11/17/20 13:27
SHADOW,,2900,11/17/20 13:27
SHADOW,,2900,11/17/20 13:27
Cillessen,,850,11/17/20 15:51
Al Ruwaili,,300,11/20/20 2:13
Ngezana,300.0,450,2020-11-20 09:38:35
Mikołajewski,350.0,400,2020-11-20 09:38:35
CATALYST,350.0,400,2020-11-20 12:19:00
CATALYST,300.0,350,2020-11-20 12:19:00
CATALYST,300.0,400,2020-11-20 12:19:00
CATALYST,300.0,350,2020-11-20 12:19:00
CATALYST,300.0,350,2020-11-20 12:59:39
CATALYST,300.0,400,2020-11-20 12:59:39
Kuzdra,150.0,200,2020-11-20 14:23:10
CATALYST,350.0,400,2020-11-20 14:23:10
CATALYST,300.0,350,2020-11-20 14:23:10
CATALYST,300.0,350,2020-11-20 14:23:10
CATALYST,300.0,350,2020-11-20 14:23:10
CATALYST,400.0,400,2020-11-20 14:23:10
CATALYST,400.0,450,2020-11-20 14:23:10
SHADOW,2900.0,3000,2020-11-20 14:23:10
SHADOW,3500.0,3500,2020-11-20 14:23:10
Vollath,250.0,250,2020-11-20 15:28:31
CATALYST,350.0,400,2020-11-20 15:28:31
CATALYST,350.0,400,2020-11-20 17:36:56
SHADOW,2900.0,3200,2020-11-20 17:36:56
SHADOW,2900.0,2900,2020-11-20 17:36:56
P. Tworek,150.0,150,2020-11-20 21:05:46
CATALYST,350.0,400,2020-11-20 21:05:46
Colula,150.0,150,2020-11-20 23:50:02
CATALYST,300.0,350,2020-11-20 23:50:02
CATALYST,300.0,400,2020-11-20 23:50:02
SHADOW,2900.0,3000,2020-11-20 23:50:02
Koulibaly,38500.0,38500,2020-11-21 12:42:09
Kim Jin Su,350.0,400,2020-11-21 12:42:09
Correa,350.0,2000,2020-11-21 12:42:09
CATALYST,300.0,350,2020-11-21 12:42:09
CATALYST,350.0,400,2020-11-21 12:42:09
CATALYST,300.0,400,2020-11-21 12:42:09
CATALYST,350.0,400,2020-11-21 12:42:09
SHADOW,2900.0,3000,2020-11-21 12:42:09
SHADOW,2900.0,3100,2020-11-21 12:42:09
SHADOW,2900.0,3200,2020-11-21 12:42:09
SHADOW,2900.0,3000,2020-11-21 12:42:09
SHADOW,3100.0,3300,2020-11-21 12:42:09
Nilsen,400.0,3000,2020-11-21 15:41:29
Borges Rodrigues,350.0,350,2020-11-21 15:41:29
Player Contracts,150.0,150,2020-11-21 15:41:29
CATALYST,300.0,400,2020-11-21 15:41:29
CATALYST,350.0,400,2020-11-21 15:41:29
CATALYST,350.0,400,2020-11-21 15:41:29
CATALYST,300.0,350,2020-11-21 15:41:29
CATALYST,350.0,400,2020-11-21 15:41:29
CATALYST,300.0,350,2020-11-21 15:41:29
CATALYST,400.0,450,2020-11-21 15:41:29
CATALYST,400.0,450,2020-11-21 18:40:31
CATALYST,300.0,350,2020-11-21 18:40:31
CATALYST,350.0,400,2020-11-21 18:40:31
CATALYST,450.0,500,2020-11-21 18:40:31
Jiang Zhipeng,400.0,450,2020-11-21 19:15:49
CATALYST,300.0,350,2020-11-21 19:15:49
CATALYST,300.0,350,2020-11-21 19:15:49
CATALYST,350.0,400,2020-11-21 19:15:49
CATALYST,350.0,400,2020-11-22 01:46:10
CATALYST,400.0,500,2020-11-22 01:46:10
De Pauw,400.0,400,2020-11-22 03:29:03
Real Madrid,350.0,5000,2020-11-22 12:14:11
CATALYST,350.0,350,2020-11-22 12:14:11
CATALYST,300.0,400,2020-11-22 15:31:57
CATALYST,400.0,550,2020-11-22 15:31:57
CATALYST,350.0,450,2020-11-22 15:31:57
CATALYST,400.0,600,2020-11-22 15:31:57
CATALYST,350.0,550,2020-11-22 15:31:57
CATALYST,350.0,450,2020-11-22 15:31:57
CATALYST,350.0,400,2020-11-22 16:33:49
CATALYST,350.0,400,2020-11-22 16:33:49
CATALYST,350.0,400,2020-11-22 16:33:49
CATALYST,300.0,300,2020-11-22 21:43:51
CATALYST,350.0,500,2020-11-22 21:43:51
CATALYST,350.0,350,2020-11-22 21:43:51
CATALYST,350.0,450,2020-11-22 21:43:51
CATALYST,450.0,500,2020-11-22 22:12:42
CATALYST,450.0,550,2020-11-22 22:12:42
CATALYST,400.0,450,2020-11-22 22:12:42
CATALYST,450.0,650,2020-11-22 22:12:42
CATALYST,450.0,650,2020-11-22 22:12:42
CATALYST,400.0,500,2020-11-22 22:12:42
CATALYST,400.0,600,2020-11-22 22:12:42
CATALYST,400.0,500,2020-11-23 01:23:48
CATALYST,400.0,600,2020-11-23 01:23:48
CATALYST,400.0,550,2020-11-23 01:23:48
CATALYST,400.0,600,2020-11-23 01:23:48
CATALYST,400.0,450,2020-11-23 01:23:48
CATALYST,350.0,400,2020-11-23 01:23:48
CATALYST,400.0,700,2020-11-23 01:23:48
CATALYST,400.0,650,2020-11-23 10:12:19
CATALYST,450.0,550,2020-11-23 10:12:19
CATALYST,350.0,500,2020-11-23 10:12:19
Koulibaly,37250.0,37250,2020-11-23 14:36:38
Immobile,22000.0,23000,2020-11-23 14:36:38
CATALYST,350.0,350,2020-11-23 14:36:38
CATALYST,300.0,400,2020-11-23 14:36:38
CATALYST,400.0,550,2020-11-23 14:36:38
Neuer,36000.0,36500,2020-11-23 17:09:04
CATALYST,350.0,450,2020-11-23 17:09:04
CATALYST,400.0,600,2020-11-23 17:09:04
CATALYST,350.0,450,2020-11-23 17:09:04
CATALYST,400.0,500,2020-11-23 19:11:53
CATALYST,400.0,550,2020-11-23 20:28:41
CATALYST,350.0,400,2020-11-23 21:46:25
CATALYST,350.0,350,2020-11-23 21:46:25
SHADOW,3000.0,3500,2020-11-23 21:46:25
CATALYST,350.0,350,2020-11-24 00:18:38
CATALYST,350.0,350,2020-11-24 00:18:38
CATALYST,350.0,350,2020-11-24 00:18:38
CATALYST,400.0,450,2020-11-24 00:21:14
CATALYST,400.0,400,2020-11-24 00:21:14
CATALYST,400.0,700,2020-11-24 01:21:57
CATALYST,450.0,500,2020-11-24 01:21:57
CATALYST,350.0,350,2020-11-24 01:23:21
Bruno Fernandes,81000.0,82500,2020-11-24 11:19:54
CATALYST,400.0,500,2020-11-24 11:19:54
Soldado,350.0,350,2020-11-24 13:36:37
CATALYST,450.0,550,2020-11-24 13:36:37
CATALYST,400.0,500,2020-11-24 13:36:37
Rønnow,350.0,400,2020-11-24 15:02:01
ter Stegen,43750.0,45500,2020-11-24 15:40:40
Dybala,29000.0,30000,2020-11-24 15:40:40
CATALYST,400.0,550,2020-11-24 15:54:21
Dybala,29000.0,29500,2020-11-24 17:12:15
Wijnaldum,36000.0,36000,2020-11-24 17:12:15
Kane,27500.0,29500,2020-11-24 19:07:21
CATALYST,400.0,550,2020-11-24 19:07:21
CATALYST,400.0,550,2020-11-24 19:07:21
CATALYST,400.0,550,2020-11-24 19:07:21
CATALYST,400.0,500,2020-11-24 19:07:21
CATALYST,350.0,500,2020-11-24 19:07:21
CATALYST,350.0,350,2020-11-24 19:07:21
CATALYST,350.0,450,2020-11-24 20:07:13
Roberto Firmino,29250.0,29750,2020-11-25 00:35:54
CATALYST,450.0,500,2020-11-25 00:35:54
CATALYST,450.0,450,2020-11-25 00:35:54
CATALYST,350.0,350,2020-11-25 00:35:54
CATALYST,350.0,350,2020-11-25 00:35:54
Martial,59500.0,60500,2020-11-25 02:22:10
CATALYST,400.0,700,2020-11-25 02:39:53
CATALYST,500.0,550,2020-11-25 02:39:53
CATALYST,450.0,600,2020-11-25 02:39:53
CATALYST,400.0,550,2020-11-25 09:42:58
Iličić,5600.0,5800,2020-11-25 10:42:40
CATALYST,350.0,500,2020-11-25 13:03:40
CATALYST,350.0,500,2020-11-25 13:03:40
SHADOW,3000.0,3500,2020-11-25 13:03:40
Iličić,5600.0,5900,2020-11-25 14:41:58
CATALYST,400.0,550,2020-11-25 14:41:58
CATALYST,350.0,550,2020-11-25 14:41:58
CATALYST,350.0,500,2020-11-25 14:41:58
Iličić,5800.0,6100,2020-11-25 14:56:03
ter Stegen,44000.0,44250,2020-11-25 20:09:28
CATALYST,450.0,500,2020-11-25 20:09:28
CATALYST,400.0,700,2020-11-25 20:09:28
CATALYST,350.0,450,2020-11-25 20:09:28
SHADOW,2800.0,2800,2020-11-25 20:09:28
SHADOW,2800.0,2800,2020-11-25 20:09:28
Walker,70000.0,73500,2020-11-25 22:38:52
CATALYST,400.0,1000,2020-11-25 22:38:52
SHADOW,2800.0,2900,2020-11-25 22:38:52
Gulácsi,25500.0,26250,2020-11-26 04:23:30
SHADOW,2800.0,2900,2020-11-26 04:23:30
CATALYST,400.0,600,2020-11-26 05:34:14
CATALYST,400.0,500,2020-11-26 05:34:14
CATALYST,400.0,400,2020-11-26 05:34:14
CATALYST,350.0,450,2020-11-26 05:34:14
CATALYST,400.0,550,2020-11-26 05:34:14
Gulácsi,26500.0,28000,2020-11-26 09:00:22
Sancho,23000.0,24000,2020-11-26 09:00:22
CATALYST,450.0,500,2020-11-26 09:00:22
SHADOW,2800.0,2900,2020-11-26 09:32:32
Handanovič,29000.0,29500,2020-11-26 10:00:16
Lukaku,57500.0,59500,2020-11-26 10:31:22
CATALYST,400.0,600,2020-11-26 13:24:53
CATALYST,400.0,700,2020-11-26 14:22:18
Douglas Costa,9600.0,13250,2020-11-26 15:08:18
Kane,29500.0,30000,2020-11-26 17:42:01
Navas,22000.0,23000,2020-11-26 17:42:01
Alexander-Arnold,24250.0,24750,2020-11-26 17:42:01
CATALYST,350.0,400,2020-11-26 17:42:01
Navas,23250.0,24250,2020-11-26 17:49:46
CATALYST,400.0,600,2020-11-26 19:46:30
Sterling,65000.0,66500,2020-11-27 15:27:07
Martial,66000.0,67000,2020-11-27 15:27:07
CATALYST,350.0,450,2020-11-27 15:27:07
Wijnaldum,34250.0,39000,2020-11-27 15:59:21
SHADOW,3100.0,3200,2020-11-27 15:59:21
CATALYST,400.0,500,2020-11-27 17:01:33
CATALYST,450.0,1000,2020-11-27 19:39:28
CATALYST,400.0,550,2020-11-27 19:39:28
CATALYST,350.0,550,2020-11-27 19:39:28
CATALYST,350.0,500,2020-11-27 19:39:28
Højbjerg,12250.0,12250,2020-11-27 20:19:55
CATALYST,400.0,500,2020-11-27 20:19:55
CATALYST,250.0,250,2020-11-27 20:19:55
Sterling,58500.0,60500,2020-11-28 02:25:35
SHADOW,2800.0,2900,2020-11-28 02:25:35
SHADOW,2900.0,3000,2020-11-28 02:25:35
Hazard,31000.0,32000,2020-11-28 11:44:34
CATALYST,350.0,400,2020-11-28 11:44:34
CATALYST,400.0,400,2020-11-28 11:44:34
SHADOW,2900.0,2900,2020-11-28 11:44:34
SHADOW,2900.0,3000,2020-11-28 11:44:34
Dybala,28750.0,29000,2020-11-28 15:51:09
Szczęsny,24500.0,24750,2020-11-28 15:51:09
CATALYST,350.0,350,2020-11-28 15:51:09
CATALYST,350.0,550,2020-11-28 15:51:09
CATALYST,350.0,600,2020-11-28 15:51:09
CATALYST,400.0,400,2020-11-28 15:51:09
SHADOW,2800.0,2800,2020-11-28 15:51:09
Neuer,39000.0,39250,2020-11-28 18:46:39
CATALYST,350.0,350,2020-11-28 18:46:39
CATALYST,350.0,350,2020-11-28 18:46:39
CATALYST,400.0,500,2020-11-28 18:46:39
CATALYST,350.0,450,2020-11-28 18:46:39
CATALYST,400.0,550,2020-11-28 18:46:39
SHADOW,2800.0,2900,2020-11-28 18:46:39
SHADOW,2800.0,2900,2020-11-28 18:46:39
HAWK,400.0,550,2020-11-28 21:28:48
CATALYST,400.0,500,2020-11-28 21:28:48
CATALYST,400.0,500,2020-11-28 21:28:48
SHADOW,2900.0,3100,2020-11-28 21:28:48
HAWK,400.0,550,2020-11-28 22:32:29
ANCHOR,750.0,1300,2020-11-28 22:32:29
SHADOW,2800.0,2900,2020-11-28 22:32:29
HAWK,400.0,500,2020-11-28 22:58:43
CATALYST,350.0,450,2020-11-28 23:42:25
CATALYST,350.0,450,2020-11-28 23:42:25
CATALYST,350.0,500,2020-11-28 23:42:25
CATALYST,400.0,450,2020-11-28 23:42:25
ENGINE,400.0,600,2020-11-29 00:51:27
ANCHOR,500.0,500,2020-11-29 00:51:27
CATALYST,350.0,350,2020-11-29 00:51:27
CATALYST,400.0,400,2020-11-29 00:51:27
ENGINE,400.0,550,2020-11-29 02:37:28
FINISHER,600.0,800,2020-11-29 02:37:28
Pogba,151000.0,153000,2020-11-29 12:17:43
HAWK,400.0,550,2020-11-29 12:17:43
HAWK,400.0,600,2020-11-29 12:17:43
ENGINE,350.0,550,2020-11-29 12:17:43
CATALYST,350.0,350,2020-11-29 12:17:43
CATALYST,400.0,550,2020-11-29 12:17:43
CATALYST,350.0,900,2020-11-29 12:17:43
FINISHER,800.0,1000,2020-11-29 12:17:43
HAWK,500.0,800,2020-11-29 13:33:14
ENGINE,500.0,650,2020-11-29 13:33:14
Gomez,68000.0,68500,2020-11-29 15:00:42
FINISHER,700.0,800,2020-11-29 15:00:42
ENGINE,400.0,600,2020-11-29 20:12:59
ENGINE,500.0,700,2020-11-29 20:12:59
CATALYST,350.0,550,2020-11-29 20:12:59
Chiellini,24750.0,25000,2020-11-29 22:56:40
HAWK,400.0,600,2020-11-29 22:56:40
Handanovič,31750.0,32000,2020-11-29 23:49:02
ANCHOR,750.0,1200,2020-11-29 23:49:02
CATALYST,400.0,550,2020-11-29 23:49:02
CATALYST,400.0,550,2020-11-29 23:49:02
SHADOW,2800.0,2900,2020-11-29 23:49:02
SHADOW,2800.0,2900,2020-11-29 23:49:02
SHADOW,2800.0,2800,2020-11-29 23:49:02
FINISHER,800.0,1000,2020-11-29 23:49:02
FINISHER,900.0,1000,2020-11-29 23:49:02
Manu García,700.0,1000,2020-11-30 02:42:39
CATALYST,400.0,550,2020-11-30 02:42:39
SHADOW,2800.0,2900,2020-11-30 02:42:39
Courtois,40500.0,41000,2020-11-30 12:59:46
Handanovič,31750.0,32000,2020-11-30 12:59:46
HAWK,350.0,500,2020-11-30 12:59:46
SHADOW,2900.0,3000,2020-11-30 12:59:46
SHADOW,3000.0,3500,2020-11-30 12:59:46
SHADOW,3000.0,3200,2020-11-30 12:59:46
ENGINE,900.0,1300,2020-11-30 15:25:35
CATALYST,350.0,700,2020-11-30 15:25:35
CATALYST,350.0,450,2020-11-30 16:34:42
CATALYST,350.0,350,2020-11-30 18:35:50
SHADOW,3000.0,3100,2020-11-30 18:35:50
Agüero,45000.0,46000,2020-11-30 18:56:54
SHADOW,2800.0,2800,2020-11-30 21:49:48
Immobile,27750.0,28500,2020-11-30 22:20:30
CATALYST,350.0,350,2020-12-01 01:32:47
CATALYST,500.0,600,2020-12-01 01:32:47
CATALYST,350.0,550,2020-12-01 02:20:39
CATALYST,400.0,550,2020-12-01 02:20:39
Payet,1900.0,2100,2020-12-01 10:10:43
Mário Fernandes,1200.0,1300,2020-12-01 10:10:43
Mário Fernandes,1300.0,1400,2020-12-01 10:10:43
Kramarić,1500.0,1600,2020-12-01 10:10:43
HAWK,450.0,700,2020-12-01 10:10:43
CATALYST,400.0,500,2020-12-01 10:10:43
CATALYST,400.0,600,2020-12-01 12:03:41
FINISHER,600.0,600,2020-12-01 12:03:41
Maignan,1900.0,2100,2020-12-01 12:45:43
Koke,12000.0,13000,2020-12-01 13:12:04
Mário Fernandes,1300.0,1400,2020-12-01 13:12:04
Mário Fernandes,1300.0,1400,2020-12-01 13:12:04
FINISHER,600.0,800,2020-12-01 13:12:04
Kramarić,1600.0,1800,2020-12-01 14:33:35
HAWK,500.0,800,2020-12-01 14:33:35
SHADOW,2900.0,3300,2020-12-01 14:33:35
Marcos Llorente,2900.0,2900,2020-12-01 16:43:08
HAWK,350.0,550,2020-12-01 18:02:17
SHADOW,2900.0,3200,2020-12-01 18:02:17
SHADOW,3000.0,3000,2020-12-01 18:02:17
FINISHER,600.0,700,2020-12-01 18:02:17
HAWK,650.0,650,2020-12-01 20:21:39
CATALYST,400.0,550,2020-12-01 20:21:39
Pacheco,950.0,950,2020-12-01 20:52:53
Pacheco,1100.0,1200,2020-12-02 11:44:39
ENGINE,600.0,600,2020-12-02 11:44:39
CATALYST,350.0,550,2020-12-02 11:44:39
CATALYST,400.0,400,2020-12-02 11:44:39
CATALYST,350.0,450,2020-12-02 11:44:39
CATALYST,500.0,600,2020-12-02 11:44:39
CATALYST,400.0,550,2020-12-02 11:44:39
SHADOW,2800.0,3000,2020-12-02 11:44:39
Marcos Llorente,2700.0,2800,2020-12-02 15:39:10
Pacheco,1100.0,1200,2020-12-02 15:39:10
CATALYST,450.0,450,2020-12-02 15:39:10
CATALYST,400.0,600,2020-12-02 20:36:33
CATALYST,350.0,500,2020-12-02 20:36:33
CATALYST,450.0,550,2020-12-02 20:36:33
SHADOW,2900.0,3000,2020-12-02 20:36:33
ENGINE,500.0,600,2020-12-02 21:43:33
ENGINE,450.0,500,2020-12-02 21:43:33
FINISHER,600.0,800,2020-12-02 22:10:37
FINISHER,700.0,900,2020-12-02 22:10:37
DEADEYE,450.0,600,2020-12-02 22:27:15
ENGINE,500.0,600,2020-12-03 10:17:42
CATALYST,400.0,600,2020-12-03 10:17:42
SHADOW,2800.0,2900,2020-12-03 10:17:42
SNIPER,450.0,550,2020-12-03 10:17:42
SHADOW,2900.0,3100,2020-12-03 11:03:40
SHADOW,3000.0,3500,2020-12-03 11:03:40
ENGINE,450.0,600,2020-12-03 11:27:32
ENGINE,400.0,550,2020-12-03 11:56:28
ENGINE,400.0,600,2020-12-03 11:56:28
SHADOW,2900.0,3200,2020-12-03 11:56:28
SHADOW,2900.0,3200,2020-12-03 11:56:28
SNIPER,400.0,550,2020-12-03 11:56:28
SHADOW,3100.0,3500,2020-12-03 11:57:18
SHADOW,3100.0,3300,2020-12-03 12:05:09
ENGINE,500.0,650,2020-12-03 13:02:47
Blind,1900.0,2000,2020-12-03 13:20:24
Blind,1900.0,2000,2020-12-03 13:20:24
Berghuis,900.0,1300,2020-12-03 13:20:24
ENGINE,550.0,700,2020-12-03 13:34:14
Pacheco,1200.0,1300,2020-12-03 14:05:20
CATALYST,400.0,400,2020-12-03 14:05:20
CATALYST,500.0,700,2020-12-03 14:05:20
Rúben Dias,2100.0,2400,2020-12-03 14:17:13
SHADOW,3100.0,3500,2020-12-03 14:24:21
ENGINE,600.0,700,2020-12-03 14:48:11
ENGINE,600.0,700,2020-12-03 16:04:18
CATALYST,350.0,500,2020-12-03 17:25:02
SNIPER,350.0,550,2020-12-03 17:25:02
FINISHER,900.0,1300,2020-12-03 17:25:02
Sergio Ramos,82500.0,83500,2020-12-04 00:03:36
Gomez,72000.0,72000,2020-12-04 00:03:36
ENGINE,500.0,500,2020-12-04 00:03:36
CATALYST,450.0,650,2020-12-04 00:03:36
CATALYST,400.0,600,2020-12-04 00:03:36
CATALYST,400.0,550,2020-12-04 00:03:36
CATALYST,350.0,550,2020-12-04 00:03:36
SHADOW,3100.0,3200,2020-12-04 00:03:36
FINISHER,600.0,600,2020-12-04 00:03:36
FINISHER,500.0,500,2020-12-04 00:51:35
FINISHER,800.0,800,2020-12-04 00:51:35
ENGINE,500.0,700,2020-12-04 01:03:58
ENGINE,500.0,600,2020-12-04 01:03:58
ENGINE,500.0,600,2020-12-04 01:03:58
CATALYST,450.0,450,2020-12-04 01:21:04
ENGINE,450.0,600,2020-12-04 02:08:49
ENGINE,600.0,600,2020-12-04 02:08:49
CATALYST,350.0,350,2020-12-04 02:08:49
Pacheco,1100.0,1400,2020-12-04 11:19:55
FINISHER,650.0,850,2020-12-04 11:19:55
CATALYST,550.0,650,2020-12-04 11:19:55
ENGINE,550.0,750,2020-12-04 12:28:07
SHADOW,2900.0,2900,2020-12-04 12:28:07
SHADOW,3000.0,3000,2020-12-04 13:29:06
FINISHER,450.0,550,2020-12-04 13:29:06
FINISHER,700.0,800,2020-12-04 13:29:06
FINISHER,750.0,950,2020-12-04 13:29:06
FINISHER,700.0,850,2020-12-04 13:29:06
CATALYST,500.0,700,2020-12-04 14:36:34
FINISHER,700.0,900,2020-12-04 14:36:34
FINISHER,850.0,950,2020-12-04 14:36:34
FINISHER,800.0,900,2020-12-04 14:36:34
FINISHER,850.0,1000,2020-12-04 14:36:34
Agüero,50000.0,51000,2020-12-04 17:05:18
Hummels,23500.0,24500,2020-12-04 17:05:18
Hummels,24000.0,25000,2020-12-04 17:05:18
CATALYST,400.0,600,2020-12-04 17:05:18
FINISHER,700.0,800,2020-12-04 18:04:34
FINISHER,800.0,900,2020-12-04 18:04:34
Robertson,32000.0,32500,2020-12-04 22:51:01
ENGINE,450.0,500,2020-12-04 22:51:01
ENGINE,400.0,550,2020-12-04 22:51:01
ENGINE,500.0,600,2020-12-04 22:51:01
ENGINE,500.0,600,2020-12-04 22:51:01
ENGINE,600.0,600,2020-12-04 22:51:01
CATALYST,350.0,550,2020-12-04 22:51:01
CATALYST,400.0,600,2020-12-04 22:51:01
CATALYST,400.0,600,2020-12-04 22:51:01
CATALYST,400.0,550,2020-12-04 22:51:01
CATALYST,400.0,600,2020-12-04 22:51:01
FINISHER,800.0,900,2020-12-04 22:51:01
ENGINE,550.0,750,2020-12-05 00:30:51
SNIPER,400.0,600,2020-12-05 00:30:51
FINISHER,600.0,900,2020-12-05 00:30:51
FINISHER,900.0,1200,2020-12-05 00:30:51
FINISHER,800.0,900,2020-12-05 00:30:51
ENGINE,400.0,500,2020-12-05 01:34:00
CATALYST,500.0,550,2020-12-05 01:34:00
CATALYST,400.0,600,2020-12-05 01:34:00
SHADOW,2900.0,3300,2020-12-05 01:34:00
FINISHER,700.0,800,2020-12-05 02:36:23
Immobile,28250.0,28500,2020-12-05 12:20:19
ENGINE,550.0,600,2020-12-05 12:20:19
CATALYST,400.0,550,2020-12-05 12:20:19
CATALYST,400.0,400,2020-12-05 12:20:19
FINISHER,650.0,650,2020-12-05 12:20:19
FINISHER,800.0,900,2020-12-05 12:20:19
FINISHER,850.0,850,2020-12-05 12:20:19
FINISHER,900.0,1000,2020-12-05 12:20:19
CATALYST,450.0,450,2020-12-05 13:27:11
FINISHER,850.0,1100,2020-12-05 13:27:11
Neuer,49250.0,49500,2020-12-05 13:55:56
Neuer,49750.0,50000,2020-12-05 13:55:56
ENGINE,600.0,750,2020-12-05 17:17:53
ENGINE,450.0,550,2020-12-05 17:17:53
ENGINE,600.0,700,2020-12-05 17:17:53
CATALYST,500.0,500,2020-12-05 17:17:53
CATALYST,400.0,400,2020-12-05 17:17:53
SHADOW,3000.0,3300,2020-12-05 17:17:53
SHADOW,3100.0,3500,2020-12-05 17:17:53
SHADOW,3200.0,3500,2020-12-05 17:17:53
FINISHER,850.0,1000,2020-12-05 17:17:53
FINISHER,800.0,950,2020-12-05 17:17:53
FINISHER,800.0,950,2020-12-05 17:17:53
ENGINE,550.0,550,2020-12-05 18:32:12
CATALYST,450.0,600,2020-12-05 18:32:12
FINISHER,800.0,900,2020-12-05 18:32:12
Florenzi,20750.0,21000,2020-12-05 20:51:34
ENGINE,550.0,750,2020-12-05 20:51:34
ENGINE,500.0,600,2020-12-05 20:51:34
CATALYST,350.0,550,2020-12-05 20:51:34
CATALYST,400.0,600,2020-12-05 20:51:34
SHADOW,3000.0,3000,2020-12-05 20:51:34
FINISHER,800.0,1000,2020-12-05 20:51:34
HAWK,500.0,600,2020-12-05 23:31:24
ENGINE,450.0,550,2020-12-05 23:31:24
ENGINE,450.0,450,2020-12-05 23:31:24
ENGINE,550.0,750,2020-12-05 23:31:24
ENGINE,550.0,650,2020-12-05 23:31:24
ENGINE,600.0,700,2020-12-05 23:31:24
CATALYST,450.0,650,2020-12-05 23:31:24
CATALYST,500.0,600,2020-12-05 23:31:24
CATALYST,450.0,600,2020-12-05 23:31:24
CATALYST,400.0,550,2020-12-05 23:31:24
CATALYST,400.0,600,2020-12-05 23:31:24
FINISHER,800.0,1200,2020-12-05 23:31:24
FINISHER,900.0,1100,2020-12-05 23:31:24
FINISHER,800.0,800,2020-12-05 23:31:24
ENGINE,550.0,650,2020-12-06 03:12:20
ENGINE,550.0,850,2020-12-06 03:12:20
CATALYST,500.0,700,2020-12-06 03:12:20
CATALYST,400.0,650,2020-12-06 03:12:20
CATALYST,450.0,650,2020-12-06 03:12:20
CATALYST,400.0,550,2020-12-06 03:12:20
FINISHER,850.0,1000,2020-12-06 03:12:20
MARKSMAN,500.0,650,2020-12-06 03:12:20
ENGINE,600.0,600,2020-12-06 12:42:16
ENGINE,550.0,650,2020-12-06 12:42:16
CATALYST,1000.0,1000,2020-12-06 12:42:16
CATALYST,400.0,600,2020-12-06 12:42:16
SHADOW,3300.0,3600,2020-12-06 12:42:16
SNIPER,500.0,700,2020-12-06 12:42:16
SNIPER,450.0,450,2020-12-06 12:42:16
FINISHER,800.0,1300,2020-12-06 12:42:16
FINISHER,900.0,1100,2020-12-06 12:42:16
FINISHER,700.0,700,2020-12-06 12:42:16
MARKSMAN,500.0,600,2020-12-06 12:42:16
ARCHITECT,500.0,500,2020-12-06 12:42:16
SENTINEL,400.0,400,2020-12-06 12:42:16
ENGINE,500.0,850,2020-12-06 15:37:38
ENGINE,700.0,900,2020-12-06 15:37:38
ENGINE,450.0,700,2020-12-06 15:37:38
ENGINE,650.0,950,2020-12-06 15:37:38
ENGINE,500.0,750,2020-12-06 15:37:38
FINISHER,700.0,700,2020-12-06 15:37:38
ARCHITECT,500.0,700,2020-12-06 15:37:38
CATALYST,400.0,600,2020-12-06 18:18:04
CATALYST,500.0,600,2020-12-06 18:18:04
CATALYST,400.0,600,2020-12-06 18:18:04
SHADOW,3000.0,3000,2020-12-06 18:18:04
FINISHER,800.0,800,2020-12-06 18:18:04
Willems,450.0,500,2020-12-07 00:43:02
ENGINE,550.0,650,2020-12-07 00:43:02
ENGINE,550.0,650,2020-12-07 00:43:02
ENGINE,500.0,700,2020-12-07 00:43:02
ENGINE,550.0,550,2020-12-07 00:43:02
ENGINE,550.0,550,2020-12-07 00:43:02
ENGINE,500.0,500,2020-12-07 00:43:02
ENGINE,500.0,650,2020-12-07 00:43:02
CATALYST,400.0,600,2020-12-07 00:43:02
CATALYST,400.0,400,2020-12-07 00:43:02
CATALYST,450.0,500,2020-12-07 00:43:02
SHADOW,3000.0,3500,2020-12-07 00:43:02
SHADOW,3000.0,3600,2020-12-07 00:43:02
MARKSMAN,500.0,600,2020-12-07 00:43:02
ARTIST,550.0,750,2020-12-07 00:43:02
ENGINE,550.0,550,2020-12-07 01:58:25
ENGINE,600.0,600,2020-12-07 01:58:25
ENGINE,550.0,550,2020-12-07 11:06:00
ENGINE,550.0,750,2020-12-07 11:06:00
ENGINE,600.0,900,2020-12-07 11:06:00
ENGINE,700.0,800,2020-12-07 11:06:00
FINISHER,800.0,1100,2020-12-07 11:06:00
ENGINE,500.0,700,2020-12-07 13:20:25
ENGINE,550.0,650,2020-12-07 13:20:25
SNIPER,400.0,400,2020-12-07 13:20:25
FINISHER,750.0,750,2020-12-07 13:20:25
FINISHER,850.0,1200,2020-12-07 13:20:25
FINISHER,800.0,1200,2020-12-07 13:20:25
SENTINEL,500.0,700,2020-12-07 13:20:25
ENGINE,600.0,750,2020-12-07 16:32:50
CATALYST,400.0,400,2020-12-07 16:52:53
CATALYST,350.0,350,2020-12-07 16:52:53
CATALYST,400.0,400,2020-12-07 16:52:53
FINISHER,750.0,850,2020-12-07 16:52:53
FINISHER,800.0,800,2020-12-07 16:52:53
ENGINE,500.0,500,2020-12-08 01:21:19
FINISHER,600.0,600,2020-12-08 01:21:19
FINISHER,800.0,950,2020-12-08 01:21:19
ENGINE,600.0,650,2020-12-08 18:22:19
ENGINE,550.0,550,2020-12-08 18:22:19
FINISHER,700.0,700,2020-12-08 18:22:19
FINISHER,800.0,1100,2020-12-08 18:22:19
FINISHER,800.0,1100,2020-12-08 19:11:37
Fabinho,24750.0,25000,2020-12-08 22:40:57
ENGINE,450.0,450,2020-12-08 22:40:57
ENGINE,500.0,500,2020-12-08 22:40:57
ENGINE,550.0,750,2020-12-08 22:40:57
ENGINE,600.0,650,2020-12-08 22:40:57
ENGINE,500.0,700,2020-12-08 22:40:57
ENGINE,550.0,800,2020-12-08 22:40:57
ENGINE,500.0,650,2020-12-08 22:40:57
SHADOW,3200.0,3400,2020-12-08 22:40:57
FINISHER,800.0,800,2020-12-08 22:40:57
ENGINE,550.0,650,2020-12-09 01:24:59
Griezmann,32000.0,33000,2020-12-09 01:51:12
Bernardo Silva,25000.0,26000,2020-12-09 11:49:30
FINISHER,800.0,900,2020-12-09 11:49:30
Gomez,59000.0,59500,2020-12-09 12:22:32
Payet,1100.0,1200,2020-12-09 12:22:32
ENGINE,550.0,650,2020-12-09 12:22:32
ENGINE,500.0,900,2020-12-09 13:33:13
ENGINE,500.0,750,2020-12-09 13:33:13
FINISHER,700.0,950,2020-12-09 13:33:13
FINISHER,800.0,1200,2020-12-09 13:33:13
MARKSMAN,450.0,900,2020-12-09 13:33:13
ARCHITECT,450.0,550,2020-12-09 13:33:13
Al Suwat,450.0,450,2020-12-09 15:47:26
ENGINE,500.0,500,2020-12-09 15:47:26
ENGINE,600.0,600,2020-12-09 15:47:26
ENGINE,600.0,700,2020-12-09 15:47:26
ENGINE,500.0,500,2020-12-09 15:47:26
FINISHER,900.0,1600,2020-12-09 15:47:26
Lenglet,20750.0,21000,2020-12-09 18:12:57
ENGINE,600.0,800,2020-12-09 18:12:57
FINISHER,650.0,1200,2020-12-09 18:12:57
FINISHER,800.0,1000,2020-12-09 18:12:57
Hazard,35750.0,36000,2020-12-09 23:32:09
Wijnaldum,27250.0,27500,2020-12-09 23:32:09
HAWK,450.0,600,2020-12-09 23:32:09
HAWK,450.0,450,2020-12-09 23:32:09
ENGINE,450.0,450,2020-12-09 23:32:09
SHADOW,3300.0,3600,2020-12-09 23:32:09
SNIPER,400.0,400,2020-12-09 23:32:09
HAWK,450.0,450,2020-12-10 01:54:09
ENGINE,550.0,750,2020-12-10 02:14:56
CATALYST,500.0,600,2020-12-10 02:14:56
Di María,24000.0,25000,2020-12-10 08:36:14
HAWK,450.0,650,2020-12-10 08:36:14
HAWK,450.0,700,2020-12-10 08:36:14
HAWK,450.0,450,2020-12-10 08:36:14
ENGINE,450.0,800,2020-12-10 08:36:14
ENGINE,500.0,800,2020-12-10 08:36:14
ENGINE,500.0,750,2020-12-10 08:36:14
ENGINE,500.0,650,2020-12-10 08:36:14
ENGINE,550.0,650,2020-12-10 08:36:14
ENGINE,450.0,650,2020-12-10 10:07:09
ENGINE,600.0,850,2020-12-10 10:07:09
ENGINE,550.0,800,2020-12-10 10:07:09
ENGINE,550.0,800,2020-12-10 10:07:09
CATALYST,400.0,700,2020-12-10 10:07:09
HAWK,450.0,450,2020-12-10 14:59:57
ENGINE,550.0,750,2020-12-10 14:59:57
ENGINE,500.0,700,2020-12-10 14:59:57
ENGINE,500.0,850,2020-12-10 14:59:57
Alderweireld,10000.0,10500,2020-12-10 16:53:30
Lenglet,19500.0,21500,2020-12-10 16:53:30
ENGINE,450.0,700,2020-12-10 16:53:30
CATALYST,450.0,700,2020-12-10 16:53:30
FINISHER,700.0,1200,2020-12-10 16:53:30
ENGINE,500.0,750,2020-12-10 17:15:04
Courtois,42000.0,47000,2020-12-10 20:15:07
ENGINE,600.0,700,2020-12-10 20:15:07
CATALYST,450.0,650,2020-12-10 20:15:07
FINISHER,850.0,1300,2020-12-10 20:15:07
ENGINE,500.0,500,2020-12-11 00:20:45
ENGINE,500.0,500,2020-12-11 00:20:45
ENGINE,450.0,450,2020-12-11 00:20:45
ENGINE,450.0,600,2020-12-11 00:20:45
ENGINE,550.0,850,2020-12-11 00:20:45
ENGINE,600.0,1000,2020-12-11 00:20:45
CATALYST,450.0,450,2020-12-11 00:20:45
CATALYST,450.0,450,2020-12-11 00:20:45
CATALYST,500.0,850,2020-12-11 00:20:45
CATALYST,400.0,800,2020-12-11 00:20:45
SNIPER,400.0,600,2020-12-11 00:20:45
FINISHER,800.0,800,2020-12-11 00:20:45
FINISHER,900.0,1100,2020-12-11 00:20:45
MARKSMAN,500.0,850,2020-12-11 00:20:45
ENGINE,550.0,800,2020-12-11 02:12:01
ENGINE,500.0,500,2020-12-11 02:12:01
CATALYST,450.0,450,2020-12-11 02:12:01
CATALYST,450.0,450,2020-12-11 02:12:01
López,350.0,350,2020-12-11 14:00:20
ENGINE,550.0,650,2020-12-11 14:00:20
ENGINE,500.0,800,2020-12-11 14:00:20
FINISHER,650.0,1000,2020-12-11 14:00:20
FINISHER,700.0,1300,2020-12-11 14:00:20
HAWK,500.0,800,2020-12-11 20:42:54
HAWK,500.0,750,2020-12-11 20:42:54
HAWK,450.0,700,2020-12-11 20:42:54
ENGINE,500.0,800,2020-12-11 20:42:54
ENGINE,500.0,500,2020-12-11 20:42:54
ENGINE,500.0,800,2020-12-11 20:42:54
ENGINE,600.0,800,2020-12-11 20:42:54
ENGINE,550.0,900,2020-12-11 20:42:54
CATALYST,500.0,550,2020-12-11 20:42:54
CATALYST,500.0,750,2020-12-11 20:42:54
CATALYST,500.0,750,2020-12-11 20:42:54
CATALYST,450.0,600,2020-12-11 20:42:54
CATALYST,500.0,700,2020-12-11 20:42:54
ARCHITECT,450.0,650,2020-12-11 20:42:54
Wijnaldum,18500.0,19500,2020-12-13 11:15:51
HAWK,500.0,800,2020-12-13 11:15:51
HAWK,500.0,800,2020-12-13 11:15:51
HAWK,500.0,800,2020-12-13 11:15:51
ENGINE,550.0,800,2020-12-13 11:15:51
ENGINE,600.0,750,2020-12-13 11:15:51
ENGINE,750.0,900,2020-12-13 11:15:51
CATALYST,450.0,750,2020-12-13 11:15:51
CATALYST,400.0,400,2020-12-13 11:15:51
CATALYST,500.0,500,2020-12-13 11:15:51
CATALYST,450.0,700,2020-12-13 11:15:51
CATALYST,450.0,800,2020-12-13 11:15:51
FINISHER,550.0,1000,2020-12-13 11:15:51
ARTIST,500.0,500,2020-12-13 11:15:51
HAWK,500.0,800,2020-12-13 12:25:21
ENGINE,550.0,800,2020-12-13 12:25:21
ENGINE,450.0,450,2020-12-13 12:25:21
ENGINE,500.0,900,2020-12-13 12:25:21
ENGINE,500.0,900,2020-12-13 12:25:21
CATALYST,350.0,350,2020-12-13 12:25:21
CATALYST,450.0,450,2020-12-13 12:25:21
CATALYST,400.0,400,2020-12-13 12:25:21
CATALYST,400.0,400,2020-12-13 12:25:21
CATALYST,400.0,400,2020-12-13 12:25:21
CATALYST,400.0,400,2020-12-13 12:25:21
CATALYST,400.0,400,2020-12-13 12:25:21
HAWK,500.0,950,2020-12-13 14:18:48
ENGINE,500.0,900,2020-12-13 14:18:48
ENGINE,550.0,900,2020-12-13 14:18:48
CATALYST,500.0,800,2020-12-13 14:18:48
FINISHER,550.0,950,2020-12-13 14:18:48
FINISHER,800.0,1200,2020-12-13 15:20:41
FINISHER,700.0,700,2020-12-13 15:20:41
HAWK,500.0,500,2020-12-13 16:36:19
CATALYST,600.0,600,2020-12-13 16:36:19
SNIPER,450.0,600,2020-12-13 16:36:19
FINISHER,650.0,650,2020-12-13 16:36:19
FINISHER,900.0,900,2020-12-13 16:36:19
ANCHOR,550.0,550,2020-12-13 23:08:43
CATALYST,350.0,350,2020-12-13 23:08:43
FINISHER,750.0,1300,2020-12-13 23:08:43
FINISHER,750.0,850,2020-12-13 23:08:43
Vela,700.0,1400,2020-12-14 13:22:12
Louza,500.0,650,2020-12-14 13:22:12
Müsel,350.0,350,2020-12-14 13:22:12
Mbock,500.0,500,2020-12-14 13:22:12
Freese,200.0,200,2020-12-14 13:22:12
Schmidt,150.0,150,2020-12-14 13:22:12
HAWK,550.0,950,2020-12-14 13:22:12
HAWK,500.0,850,2020-12-14 13:22:12
ENGINE,750.0,750,2020-12-14 13:22:12
CATALYST,500.0,800,2020-12-14 13:22:12
FINISHER,700.0,1200,2020-12-14 13:22:12
Thiago,11000.0,12500,2020-12-14 14:30:45
Scott,150.0,150,2020-12-14 14:30:45
Koiki,300.0,300,2020-12-14 14:30:45
Ponceau,150.0,150,2020-12-14 14:30:45
Fagan-Walcott,250.0,450,2020-12-14 14:30:45
Rowe,250.0,750,2020-12-14 14:30:45
HAWK,500.0,900,2020-12-14 14:30:45
FINISHER,900.0,1700,2020-12-14 16:44:30
MARKSMAN,500.0,800,2020-12-14 16:44:30
Inglese,700.0,700,2020-12-14 17:44:36
FINISHER,800.0,1000,2020-12-14 17:44:36
FINISHER,800.0,1200,2020-12-14 17:44:36
FINISHER,700.0,1400,2020-12-14 17:44:36
Rakitić,900.0,1000,2020-12-14 21:06:20
Maddison,850.0,900,2020-12-14 21:06:20
Raphinha,850.0,1000,2020-12-14 21:06:20
Mount,1200.0,1300,2020-12-14 21:06:20
Henderson,800.0,900,2020-12-14 21:06:20
Lodeiro,700.0,800,2020-12-14 21:06:20
Greenwood,850.0,950,2020-12-14 21:06:20
Barry,250.0,250,2020-12-14 21:06:20
HAWK,500.0,800,2020-12-14 21:06:20
HAWK,600.0,600,2020-12-14 21:06:20
ENGINE,500.0,800,2020-12-14 21:06:20
ENGINE,500.0,850,2020-12-14 21:06:20
Neto,1400.0,1400,2020-12-14 23:45:57
Al Dohaim,200.0,200,2020-12-14 23:45:57
ENGINE,550.0,550,2020-12-14 23:45:57
CATALYST,500.0,500,2020-12-14 23:45:57
CATALYST,500.0,500,2020-12-14 23:45:57
